Saturday, 9 Mar 19 6:16 PM	174202	Login Attempt
Saturday, 9 Mar 19 6:25 PM	174202	Successfully Logged in
Saturday, 9 Mar 19 6:25 PM	174202	Log out
Saturday, 9 Mar 19 6:26 PM	174202	Login Attempt
Saturday, 9 Mar 19 6:26 PM	174202	Successfully Logged in
Saturday, 9 Mar 19 6:26 PM	174202	Log out
Saturday, 9 Mar 19 6:29 PM	staff0	Successfully Logged in
Saturday, 9 Mar 19 6:29 PM	staff0	Log out
Sunday, 10 Mar 19 4:32 AM	174202	Successfully Logged in
Sunday, 10 Mar 19 7:20 AM	164129	Successfully Logged in
Sunday, 10 Mar 19 7:56 AM	164129	Log out
Sunday, 10 Mar 19 1:31 PM	164129	Successfully Logged in
Sunday, 10 Mar 19 1:31 PM	164129	Log out
Sunday, 10 Mar 19 1:31 PM	164129	Successfully Logged in
Sunday, 10 Mar 19 1:34 PM	164129	Log out
Sunday, 10 Mar 19 1:34 PM	174202	Successfully Logged in
Sunday, 10 Mar 19 1:34 PM	174202	Log out
Sunday, 10 Mar 19 1:35 PM	staff0	Successfully Logged in
Sunday, 10 Mar 19 1:35 PM	staff0	Log out
Sunday, 10 Mar 19 1:35 PM	164129	Successfully Logged in
Monday, 11 Mar 19 5:16 AM	164129	Successfully Logged in
Monday, 11 Mar 19 5:18 AM	164129	Log out
Monday, 11 Mar 19 5:19 AM	staff0	Successfully Logged in
Monday, 11 Mar 19 5:21 AM	staff0	Log out
Monday, 11 Mar 19 5:21 AM	164129	Successfully Logged in
Monday, 11 Mar 19 5:21 AM	164129	Log out
Monday, 11 Mar 19 5:21 AM	164129	Successfully Logged in
Monday, 11 Mar 19 5:24 AM	164129	Log out
Monday, 11 Mar 19 5:24 AM	164129	Successfully Logged in
